КОД СКАД;Почтовый Индекс;Месяц визита Группа пилота;Субъект РФ;Город / Нас.пункт;Улица;тип улицы;Дом;Корпус / строение;Торговая площадь;Как найти?;ТЦ/Стрит;Код точки АМДОКС;ПН. Начало р/д;ПН . Конец р/д;ВТ. Начало работы ;ВТ . Конец р/д;СР. Начало работы ;СР . Конец р/д;ЧТ Начало работы ;ЧТ . Конец р/д;ПТ. Начало работы ;ПТ . Конец р/д;СУБ. Начало работы ;СУБ . Конец р/д;ВОСКР. Начало работы ;ВОСКР . Конец р/д;ЧТ Начало работы ;ЧТ . Конец р/д;ПТ. Начало работы ;ПТ . Конец р/д;СУБ. Начало работы ;СУБ . Конец р/д;ВОСКР. Начало работы ;ВОСКР . Конец р/д;;GPS. Широта;GPS. Долгота
774268;670000;1;Республика Бурятия;Улан-Удэ;Балтахинова;улица;15;помещение LXVIII;"15,4";;ТЦ;7L72000;"0,416666667";"0,833333333";"0,416666667";"0,833333333";"0,416666667";"0,833333333";"0,416666667";"0,833333333";10:00:00;20:00:00;10:00:00;20:00:00;10:00:00;20:00:00;10:00:00;20:00:00;10:00:00;20:00:00;10:00:00;20:00:00;10:00:00;20:00:00;;51.826535;107.589608
758379;670000;1;Республика Бурятия;Улан-Удэ;Ленина;улица;39;_;"31,35";ТЦ "Форум";ТЦ;WC04000;"0,416666667";"0,916666667";"0,416666667";"0,916666667";"0,416666667";"0,916666667";"0,416666667";"0,916666667";10:00:00;22:00:00;10:00:00;22:00:00;10:00:00;22:00:00;10:00:00;22:00:00;10:00:00;22:00:00;10:00:00;22:00:00;10:00:00;22:00:00;;51.831067;107.583938
567158;670033;2;Республика Бурятия;Улан-Удэ;Жердева;улица;104;Б;23;Торговый центр "пиплз парк" на 1 этаже.;ТЦ;U500003;"0,416666667";"0,916666667";"0,416666667";"0,916666667";"0,416666667";"0,916666667";"0,416666667";"0,916666667";10:00:00;22:00:00;10:00:00;22:00:00;10:00:00;22:00:00;10:00:00;22:00:00;10:00:00;22:00:00;10:00:00;22:00:00;10:00:00;22:00:00;;51.811957;107.663108
567002;670031;2;Республика Бурятия;Улан-Удэ;Терешковой;улица;20;Б;"24,5";ул. Терешковой 20б (остановка "Саяны");Стрит;U500001;"0,375";"0,791666667";"0,375";"0,791666667";"0,375";"0,791666667";"0,375";"0,791666667";9:00:00;19:00:00;9:00:00;19:00:00;9:00:00;19:00:00;9:00:00;19:00:00;9:00:00;19:00:00;9:00:00;19:00:00;9:00:00;19:00:00;;51.809325;107.607379
776216;664017;1;Иркутская область;Иркутск;Академическая;улица;2;а;"18,7";;Стрит;7L89000;"0,375";"0,833333333";"0,375";"0,833333333";"0,375";"0,833333333";"0,375";"0,833333333";9:00:00;20:00:00;9:00:00;20:00:00;9:00:00;20:00:00;9:00:00;20:00:00;9:00:00;20:00:00;9:00:00;20:00:00;9:00:00;20:00:00;;52.233915;104.285861
767998;664043;1;Иркутская область;Иркутск;Рябикова;бульвар;5;Б;"20,8";Рябикова 8А/1;Стрит;7W23000;"0,375";"0,875";"0,375";"0,875";"0,375";"0,875";"0,375";"0,875";9:00:00;21:00:00;9:00:00;21:00:00;9:00:00;21:00:00;9:00:00;21:00:00;9:00:00;21:00:00;9:00:00;21:00:00;9:00:00;21:00:00;;52.26504;104.206837
777452;664053;2;Иркутская область;Иркутск;Розы Люксембург;улица;293;_;"35,1";;Стрит;7L76000;"0,375";"0,833333333";"0,375";"0,833333333";"0,375";"0,833333333";"0,375";"0,833333333";9:00:00;20:00:00;9:00:00;20:00:00;9:00:00;20:00:00;9:00:00;20:00:00;9:00:00;20:00:00;9:00:00;20:00:00;9:00:00;20:00:00;;52.355091;104.15477
698865;664040;2;Иркутская область;Иркутск;Розы Люксембург;улица;217;А;"15,4";;Стрит;Y000015;"0,375";"0,875";"0,375";"0,875";"0,375";"0,875";"0,375";"0,875";9:00:00;21:00:00;9:00:00;21:00:00;9:00:00;21:00:00;9:00:00;21:00:00;9:00:00;21:00:00;9:00:00;21:00:00;9:00:00;21:00:00;;52.35054;104.173752
778814;683003;1;Камчатский край;Петропавловск-Камчатский;Ленинградская;улица;74;_;"30,8";;Стрит;7W03000;"0,416666667";"0,833333333";"0,416666667";"0,833333333";"0,416666667";"0,833333333";"0,416666667";"0,833333333";10:00:00;20:00:00;10:00:00;20:00:00;10:00:00;20:00:00;10:00:00;20:00:00;10:00:00;20:00:00;10:00:00;20:00:00;10:00:00;20:00:00;;53.036678;158.656226
778754;683013;1;Камчатский край;Петропавловск-Камчатский;Океанская;улица;121/2.;_;"31,9";;Стрит;7M30000;"0,385416667";"0,791666667";"0,385416667";"0,791666667";"0,385416667";"0,791666667";"0,385416667";"0,791666667";9:15:00;19:00:00;9:15:00;19:00:00;9:15:00;19:00:00;9:15:00;19:00:00;9:15:00;19:00:00;9:15:00;19:00:00;9:15:00;19:00:00;;52.982021;158.681005
918104;683902;2;Камчатский край;Петропавловск-Камчатский;Победы;проспект;63;А;"20,5";;Стрит;VM62000;"0,416666667";"0,875";"0,416666667";"0,875";"0,416666667";"0,875";"0,416666667";"0,875";10:00:00;21:00:00;10:00:00;21:00:00;10:00:00;21:00:00;10:00:00;21:00:00;10:00:00;21:00:00;10:00:00;21:00:00;10:00:00;21:00:00;;53.071117;158.59212
1028160;683000;2;Камчатский край;Петропавловск-Камчатский;50 лет Октября;проспект;16;1;"26,6";ТЦ Парус;ТЦ;VO27000;"0,416666667";"0,833333333";"0,416666667";"0,833333333";"0,416666667";"0,833333333";"0,416666667";"0,833333333";10:00:00;20:00:00;10:00:00;20:00:00;10:00:00;20:00:00;10:00:00;20:00:00;10:00:00;20:00:00;10:00:00;20:00:00;10:00:00;20:00:00;;53.056988;158.635059
774940;690014;1;Приморский край;Владивосток;Красного Знамени;проспект;121;_;59;;Стрит;7W33000;"0,375";"0,833333333";"0,375";"0,833333333";"0,375";"0,833333333";"0,375";"0,833333333";9:00:00;20:00:00;9:00:00;20:00:00;9:00:00;20:00:00;9:00:00;20:00:00;9:00:00;20:00:00;9:00:00;20:00:00;9:00:00;20:00:00;;43.124835;131.920496
777448;690092;1;Приморский край;Владивосток;Добровольского;улица;5;_;"21,8";;Стрит;7W30000;"0,375";"0,833333333";"0,375";"0,833333333";"0,375";"0,833333333";"0,375";"0,833333333";9:00:00;20:00:00;9:00:00;20:00:00;9:00:00;20:00:00;9:00:00;20:00:00;9:00:00;20:00:00;9:00:00;20:00:00;9:00:00;20:00:00;;43.092097;131.973011
793227;690012;2;Приморский край;Владивосток;Калинина;улица;6;_;"36,8";ТЦ Калина Молл;ТЦ;WC11000;"0,416666667";"0,916666667";"0,416666667";"0,916666667";"0,416666667";"0,916666667";"0,416666667";"0,916666667";10:00:00;22:00:00;10:00:00;22:00:00;10:00:00;22:00:00;10:00:00;22:00:00;10:00:00;22:00:00;10:00:00;22:00:00;10:00:00;22:00:00;;43.102055;131.917305
751250;690041;2;Приморский край;Владивосток;Пихтовая;улица;4;А;"19,4";;Стрит;WA08000;"0,375";"0,833333333";"0,375";"0,833333333";"0,375";"0,833333333";"0,375";"0,833333333";9:00:00;20:00:00;9:00:00;20:00:00;9:00:00;20:00:00;9:00:00;20:00:00;9:00:00;20:00:00;9:00:00;20:00:00;9:00:00;20:00:00;;43.100829;131.894893
780429;681000;1;Хабаровский край;Комсомольск-на-Амуре;Мира;проспект;44;пом. 1001;"71,5";;Стрит;7W00000;"0,375";"0,833333333";"0,375";"0,833333333";"0,375";"0,833333333";"0,375";"0,833333333";9:00:00;20:00:00;9:00:00;20:00:00;9:00:00;20:00:00;9:00:00;20:00:00;9:00:00;20:00:00;9:00:00;20:00:00;9:00:00;20:00:00;;50.554414;137.01476
361979;681000;1;Хабаровский край;Комсомольск-на-Амуре;Октябрьский;проспект;29;_;"65,5";;Стрит;N250000;"0,375";"0,833333333";"0,375";"0,833333333";"0,375";"0,833333333";"0,375";"0,833333333";9:00:00;20:00:00;9:00:00;20:00:00;9:00:00;20:00:00;9:00:00;20:00:00;9:00:00;20:00:00;9:00:00;20:00:00;9:00:00;20:00:00;;50.544769;137.010006
560890;681014;2;Хабаровский край;Комсомольск-на-Амуре;Победы;проспект;22;корп. 7;46;;Стрит;N250004;"0,416666667";"0,791666667";"0,416666667";"0,791666667";"0,416666667";"0,791666667";"0,416666667";"0,791666667";10:00:00;19:00:00;10:00:00;19:00:00;Выходной;Выходной;10:00:00;19:00:00;10:00:00;19:00:00;10:00:00;19:00:00;Выходной;Выходной;;50.589537;137.060506
639606;681010;2;Хабаровский край;Комсомольск-на-Амуре;Вокзальная;улица;43;_;54;;Стрит;N250008;"0,416666667";"0,791666667";"0,416666667";"0,791666667";"0,416666667";"0,791666667";"0,416666667";"0,791666667";10:00:00;19:00:00;Выходной;Выходной;Выходной;Выходной;10:00:00;19:00:00;10:00:00;19:00:00;Выходной;Выходной;Выходной;Выходной;;50.547711;136.991091
773117;680021;1;Хабаровский край;Хабаровск;Амурский;бульвар;66;_;"38,7";;Стрит;7V96000;"0,375";"0,791666667";"0,375";"0,791666667";"0,375";"0,791666667";"0,375";"0,791666667";9:00:00;19:00:00;9:00:00;19:00:00;9:00:00;19:00:00;9:00:00;19:00:00;9:00:00;19:00:00;9:00:00;19:00:00;9:00:00;19:00:00;;48.49474;135.072873
778816;680000;1;Хабаровский край;Хабаровск;Льва Толстого;улица;19;_;"12,4";;Стрит;WJ81000;"0,375";"0,75";"0,375";"0,75";"0,375";"0,75";"0,375";"0,75";9:00:00;18:00:00;9:00:00;18:00:00;9:00:00;18:00:00;9:00:00;18:00:00;9:00:00;18:00:00;9:00:00;18:00:00;9:00:00;18:00:00;;48.485476;135.067298
561636;680021;2;Хабаровский край;Хабаровск;Льва Толстого;улица;22;_;15;"павильон на Центральном рынке. пересечение Льва Толстого и Амурского Бульвара по правой стороне при движении от Амура. Рядом с ООО Дружба, Ювелирная мастерская.";Стрит;2250006;"0,375";"0,791666667";"0,375";"0,791666667";"0,375";"0,791666667";"0,375";"0,791666667";9:00:00;19:00:00;9:00:00;19:00:00;9:00:00;19:00:00;9:00:00;19:00:00;9:00:00;19:00:00;9:00:00;19:00:00;9:00:00;19:00:00;;48.487939;135.069283
778326;680054;2;Хабаровский край;Хабаровск;Тихоокеанская;улица;-;_;"41,5";;Стрит;7L75000;"0,375";"0,833333333";"0,375";"0,833333333";"0,375";"0,833333333";"0,375";"0,833333333";9:00:00;20:00:00;9:00:00;20:00:00;9:00:00;20:00:00;9:00:00;20:00:00;9:00:00;20:00:00;9:00:00;20:00:00;9:00:00;20:00:00;;48.543866;135.041406
777449;677013;1;Республика Саха /Якутия/;Якутск;Ойунского;улица;23;_;"34,9";;ТЦ;7M46000;"0,375";"0,833333333";"0,375";"0,833333333";"0,375";"0,833333333";"0,375";"0,833333333";9:00:00;20:00:00;9:00:00;20:00:00;9:00:00;20:00:00;9:00:00;20:00:00;9:00:00;20:00:00;9:00:00;20:00:00;9:00:00;20:00:00;;62.021395;129.706495
778445;677005;1;Республика Саха /Якутия/;Якутск;Лермонтова;улица;62;корп. 2;"33,9";;Стрит;7M35000;"0,416666667";"0,833333333";"0,416666667";"0,833333333";"0,416666667";"0,833333333";"0,416666667";"0,833333333";10:00:00;20:00:00;10:00:00;20:00:00;10:00:00;20:00:00;10:00:00;20:00:00;10:00:00;20:00:00;10:00:00;20:00:00;10:00:00;20:00:00;;62.037266;129.718775
777416;677000;2;Республика Саха /Якутия/;Якутск;Ленина;переулок;23;_;"23,3";;Стрит;7W38000;"0,416666667";"0,791666667";"0,416666667";"0,791666667";"0,416666667";"0,791666667";"0,416666667";"0,791666667";10:00:00;19:00:00;Выходной;Выходной;Выходной;Выходной;10:00:00;19:00:00;10:00:00;19:00:00;Выходной;Выходной;Выходной;Выходной;;62.032488;129.744413
711603;677009;2;Республика Саха /Якутия/;Якутск;Дзержинского;квартал;52;_;"16,6";;Стрит;U875009;"0,375";"0,833333333";"0,375";"0,833333333";"0,375";"0,833333333";"0,375";"0,833333333";9:00:00;20:00:00;9:00:00;20:00:00;9:00:00;20:00:00;9:00:00;20:00:00;9:00:00;20:00:00;9:00:00;20:00:00;9:00:00;20:00:00;;62.060711;129.741329
1024153;677014;1;Республика Саха /Якутия/;Якутск;Автострада 50 лет Октября;улица;6;_;"37,2";ТЦ УрасаМолл;ТЦ;VO14000;"0,416666667";"0,833333333";"0,416666667";"0,833333333";"0,416666667";"0,833333333";"0,416666667";"0,833333333";10:00:00;20:00:00;10:00:00;20:00:00;10:00:00;20:00:00;10:00:00;20:00:00;10:00:00;20:00:00;10:00:00;20:00:00;10:00:00;20:00:00;;62.068205;129.742787
711604;677000;1;Республика Саха /Якутия/;Якутск;Ленина;проспект;9;_;"29,9";;Стрит;U875010;"0,375";"0,833333333";"0,375";"0,833333333";"0,375";"0,833333333";"0,375";"0,833333333";9:00:00;20:00:00;9:00:00;20:00:00;9:00:00;20:00:00;9:00:00;20:00:00;9:00:00;20:00:00;9:00:00;20:00:00;9:00:00;20:00:00;;62.03221;129.74281
372824;677027;2;Республика Саха /Якутия/;Якутск;Ойунского;улица;3;_;"70,5";"Салон находится в р-не Автовокзала, в здании делового центра.";Стрит;U875000;"0,375";"0,8125";"0,375";"0,8125";"0,375";"0,8125";"0,375";"0,8125";9:00:00;19:30:00;9:00:00;19:30:00;9:00:00;19:30:00;9:00:00;19:30:00;9:00:00;19:30:00;9:00:00;19:30:00;9:00:00;19:30:00;;62.027203;129.715977
778783;677000;2;Республика Саха /Якутия/;Якутск;Ленина;проспект;14;_;"51,5";;Стрит;7G11000;"0,416666667";"0,791666667";"0,416666667";"0,791666667";"0,416666667";"0,791666667";"0,416666667";"0,791666667";10:00:00;19:00:00;10:00:00;19:00:00;10:00:00;19:00:00;10:00:00;19:00:00;10:00:00;19:00:00;10:00:00;19:00:00;10:00:00;19:00:00;;62.030724;129.737931
772345;163069;1;Архангельская область;Архангельск;Троицкий;проспект;-;_;"41,2";;ТЦ;7M49000;"0,416666667";"0,875";"0,416666667";"0,875";"0,416666667";"0,875";"0,416666667";"0,875";10:00:00;21:00:00;10:00:00;21:00:00;10:00:00;21:00:00;10:00:00;21:00:00;10:00:00;21:00:00;10:00:00;21:00:00;10:00:00;21:00:00;;64.532377;40.528734
363098;163000;1;Архангельская область;Архангельск;Ломоносова;проспект;142;_;88;Рядом ресторан "Шеш-беш" и букмекерская контора.;Стрит;9875001;"0,375";"0,875";"0,375";"0,875";"0,375";"0,875";"0,375";"0,875";9:00:00;21:00:00;9:00:00;21:00:00;9:00:00;21:00:00;9:00:00;21:00:00;9:00:00;21:00:00;9:00:00;21:00:00;9:00:00;21:00:00;;64.539266;40.526344
661547;163000;2;Архангельская область;Архангельск;Воскресенская;улица;20;_;"30,5";;ТЦ;9875018;"0,416666667";"0,875";"0,416666667";"0,875";"0,416666667";"0,875";"0,416666667";"0,875";10:00:00;21:00:00;10:00:00;21:00:00;10:00:00;21:00:00;10:00:00;21:00:00;10:00:00;21:00:00;10:00:00;21:00:00;10:00:00;21:00:00;;64.542035;40.534404
1013127;163062;2;Архангельская область;Архангельск;Ленинградский;проспект;255;_;"28,1";ТЦ Петромост;ТЦ;VN77000;"0,375";"0,875";"0,375";"0,875";"0,375";"0,875";"0,375";"0,875";9:00:00;21:00:00;9:00:00;21:00:00;9:00:00;21:00:00;9:00:00;21:00:00;9:00:00;21:00:00;9:00:00;21:00:00;9:00:00;21:00:00;;64.510339;40.663894
541875;600028;1;Владимирская область;Владимир;Строителей;проспект;46;_;36;Остановка "ул.Красноармейская";Стрит;2930008;"0,375";"0,833333333";"0,375";"0,833333333";"0,375";"0,833333333";"0,375";"0,833333333";9:00:00;20:00:00;9:00:00;20:00:00;9:00:00;20:00:00;9:00:00;20:00:00;9:00:00;20:00:00;9:00:00;20:00:00;9:00:00;20:00:00;;56.132975;40.357826
771302;600005;1;Владимирская область;Владимир;Тракторная;улица;45;_;"33,3";Мегаторг;ТЦ;7K32000;"0,416666667";"0,916666667";"0,416666667";"0,916666667";"0,416666667";"0,916666667";"0,416666667";"0,916666667";10:00:00;22:00:00;10:00:00;22:00:00;10:00:00;22:00:00;10:00:00;22:00:00;10:00:00;22:00:00;10:00:00;22:00:00;10:00:00;22:00:00;;56.148882;40.386688
905217;600027;2;Владимирская область;Владимир;Суздальский;проспект;28;_;51;ТЦ Глобус;ТЦ;VM74000;"0,375";"0,916666667";"0,375";"0,916666667";"0,375";"0,916666667";"0,375";"0,916666667";9:00:00;22:00:00;9:00:00;22:00:00;9:00:00;22:00:00;9:00:00;22:00:00;9:00:00;22:00:00;9:00:00;22:00:00;9:00:00;22:00:00;;56.176925;40.45951
769490;600022;2;Владимирская область;Владимир;Московское;шоссе;2;_;"41,4";ТЦ Лента;ТЦ;7D42000;"0,375";"0,875";"0,375";"0,875";"0,375";"0,875";"0,375";"0,875";9:00:00;21:00:00;9:00:00;21:00:00;9:00:00;21:00:00;9:00:00;21:00:00;9:00:00;21:00:00;9:00:00;21:00:00;9:00:00;21:00:00;;56.114892;40.332488
777984;600022;1;Владимирская область;Владимир;Верхняя Дуброва;улица;33;_;"23,6";;Стрит;WJ41000;"0,395833333";"0,833333333";"0,395833333";"0,833333333";"0,395833333";"0,833333333";"0,395833333";"0,833333333";9:30:00;20:00:00;10:30:00;18:00:00;10:30:00;18:00:00;9:30:00;20:00:00;9:30:00;20:00:00;10:30:00;18:00:00;10:30:00;18:00:00;;56.105824;40.346838
764797;600009;1;Владимирская область;Владимир;Полины Осипенко;улица;12;_;"23,3";;Стрит;7L12000;"0,375";"0,791666667";"0,375";"0,791666667";"0,375";"0,791666667";"0,375";"0,791666667";9:00:00;19:00:00;9:00:00;19:00:00;9:00:00;19:00:00;9:00:00;19:00:00;9:00:00;19:00:00;9:00:00;19:00:00;9:00:00;19:00:00;;56.14436;40.418372
776225;162603;2;Вологодская область;Череповец;Победы;проспект;-;_;"42,2";;Стрит;7X18000;"0,375";"0,875";"0,375";"0,875";"0,375";"0,875";"0,375";"0,875";9:00:00;21:00:00;9:00:00;21:00:00;9:00:00;21:00:00;9:00:00;21:00:00;9:00:00;21:00:00;9:00:00;21:00:00;9:00:00;21:00:00;;59.130291;37.92315
691156;162602;2;Вологодская область;Череповец;Советский;проспект;31;_;29;;Стрит;9751002;"0,375";"0,875";"0,375";"0,875";"0,375";"0,875";"0,375";"0,875";9:00:00;21:00:00;9:00:00;21:00:00;9:00:00;21:00:00;9:00:00;21:00:00;9:00:00;21:00:00;9:00:00;21:00:00;9:00:00;21:00:00;;59.123306;37.929734
782787;162624;1;Вологодская область;Череповец;Победы;проспект;200;_;"55,9";ТЦ Макси;ТЦ;WJ33000;"0,416666667";"0,875";"0,416666667";"0,875";"0,416666667";"0,875";"0,416666667";"0,875";10:00:00;21:00:00;10:00:00;21:00:00;10:00:00;21:00:00;10:00:00;21:00:00;10:00:00;21:00:00;10:00:00;21:00:00;10:00:00;21:00:00;;59.12015;38.000571
755851;162609;1;Вологодская область;Череповец;Наседкина;улица;15;_;"40,35";;ТЦ;WG03000;"0,416666667";"0,833333333";"0,416666667";"0,833333333";"0,416666667";"0,833333333";"0,416666667";"0,833333333";10:00:00;20:00:00;10:00:00;20:00:00;10:00:00;20:00:00;10:00:00;20:00:00;10:00:00;20:00:00;10:00:00;20:00:00;10:00:00;20:00:00;;59.092426;37.906335
777504;236039;2;Калининградская область;Калининград;Калинина;площадь;28;_;"27,6";;ТЦ;7G24000;"0,375";"0,875";"0,375";"0,875";"0,375";"0,875";"0,375";"0,875";9:00:00;21:00:00;9:00:00;21:00:00;9:00:00;21:00:00;9:00:00;21:00:00;9:00:00;21:00:00;9:00:00;21:00:00;9:00:00;21:00:00;;54.694495;20.502525
777412;236010;2;Калининградская область;Калининград;Победы;проспект;137;_;"34,4";;ТЦ;7G23000;"0,375";"0,875";"0,375";"0,875";"0,375";"0,875";"0,375";"0,875";9:00:00;21:00:00;9:00:00;21:00:00;9:00:00;21:00:00;9:00:00;21:00:00;9:00:00;21:00:00;9:00:00;21:00:00;9:00:00;21:00:00;;54.709978;20.442806
750266;236039;1;Калининградская область;Калининград;Ленинский;проспект;42;В;"17,3";;Стрит;WG51000;"0,416666667";"0,791666667";"0,416666667";"0,791666667";"0,416666667";"0,791666667";"0,416666667";"0,791666667";10:00:00;19:00:00;10:00:00;19:00:00;10:00:00;19:00:00;10:00:00;19:00:00;10:00:00;19:00:00;10:00:00;19:00:00;10:00:00;19:00:00;;54.702647;20.504442
560167;236029;1;Калининградская область;Калининград;Гайдара;улица;119;_;40;;Стрит;7626007;"0,375";"0,875";"0,375";"0,875";"0,375";"0,875";"0,375";"0,875";9:00:00;21:00:00;9:00:00;21:00:00;9:00:00;21:00:00;9:00:00;21:00:00;9:00:00;21:00:00;9:00:00;21:00:00;9:00:00;21:00:00;;54.742122;20.505879
770148;156016;2;Костромская область;Кострома;м/р-н Давыдовский-3;микрорайон;32;_;"36,8";;ТЦ;7J88000;"0,416666667";"0,916666667";"0,416666667";"0,916666667";"0,416666667";"0,916666667";"0,416666667";"0,916666667";10:00:00;22:00:00;10:00:00;22:00:00;10:00:00;22:00:00;10:00:00;22:00:00;10:00:00;22:00:00;10:00:00;22:00:00;10:00:00;22:00:00;;57.7411;41.004651
774336;156010;2;Костромская область;Кострома;Паново;микрорайон;15;_;"17,1";;ТЦ;7T37000;"0,375";"0,833333333";"0,375";"0,833333333";"0,375";"0,833333333";"0,375";"0,833333333";9:00:00;20:00:00;9:00:00;20:00:00;9:00:00;20:00:00;9:00:00;20:00:00;9:00:00;20:00:00;9:00:00;20:00:00;9:00:00;20:00:00;;57.736196;40.908643
349761;156000;1;Костромская область;Кострома;Текстильщиков;проспект;2;А;50;"Центр города, напротив рядов (местный рынок)";Стрит;3260000;"0,375";"0,875";"0,375";"0,875";"0,375";"0,875";"0,375";"0,875";9:00:00;21:00:00;9:00:00;21:00:00;9:00:00;21:00:00;9:00:00;21:00:00;9:00:00;21:00:00;9:00:00;21:00:00;9:00:00;21:00:00;;57.769054;40.925011
776235;156013;1;Костромская область;Кострома;Калиновская;улица;42;_;54;;ТЦ;7J87000;"0,375";"0,791666667";"0,375";"0,791666667";"0,375";"0,791666667";"0,375";"0,791666667";9:00:00;19:00:00;9:00:00;19:00:00;9:00:00;19:00:00;9:00:00;19:00:00;9:00:00;19:00:00;9:00:00;19:00:00;9:00:00;19:00:00;;57.775928;40.943779
565494;183034;1;Мурманская область;Мурманск;Героев Североморцев;проспект;43;_;"26,2";Салон связи располагается в ТЦ "Яблочко";Стрит;6750007;"0,375";"0,875";"0,375";"0,875";"0,375";"0,875";"0,375";"0,875";9:00:00;21:00:00;9:00:00;21:00:00;9:00:00;21:00:00;9:00:00;21:00:00;9:00:00;21:00:00;9:00:00;21:00:00;9:00:00;21:00:00;;69.004735;33.09796
753058;183038;1;Мурманская область;Мурманск;Кольский;проспект;158;_;"15,3";ТЦ Северное-Нагорное;ТЦ;WH05000;"0,416666667";"0,916666667";"0,416666667";"0,916666667";"0,416666667";"0,916666667";"0,416666667";"0,916666667";10:00:00;22:00:00;10:00:00;22:00:00;10:00:00;22:00:00;10:00:00;22:00:00;10:00:00;22:00:00;10:00:00;22:00:00;10:00:00;22:00:00;;68.91377;33.095056
565495;183025;2;Мурманская область;Мурманск;Маркса;улица;38/1;_;"43,6";"ТЦ Кошелек, центральный вход, отдел располагается слева";Стрит;6750008;"0,375";"0,875";"0,375";"0,875";"0,375";"0,875";"0,375";"0,875";9:00:00;21:00:00;9:00:00;21:00:00;9:00:00;21:00:00;9:00:00;21:00:00;9:00:00;21:00:00;9:00:00;21:00:00;9:00:00;21:00:00;;68.968057;33.1003
1010544;183038;2;Мурманская область;Мурманск;Ленинградская;улица;20-Mar;_;37;-;ТЦ;VM67000;"0,416666667";"0,875";"0,416666667";"0,875";"0,416666667";"0,875";"0,416666667";"0,875";10:00:00;21:00:00;10:00:00;21:00:00;10:00:00;21:00:00;10:00:00;21:00:00;10:00:00;21:00:00;10:00:00;21:00:00;10:00:00;21:00:00;;68.970496;33.071165
560208;173004;1;Новгородская область;Великий Новгород;Большая Московская;улица;46/13;_;"39,7";;Стрит;8640003;"0,375";"0,875";"0,375";"0,875";"0,375";"0,875";"0,375";"0,875";9:00:00;21:00:00;9:00:00;21:00:00;9:00:00;21:00:00;9:00:00;21:00:00;9:00:00;21:00:00;9:00:00;21:00:00;9:00:00;21:00:00;;58.523698;31.290765
777625;173003;1;Новгородская область;Великий Новгород;Большая Санкт-Петербургская;улица;39;_;72;;ТЦ;7M85000;"0,416666667";"0,864583333";"0,416666667";"0,864583333";"0,416666667";"0,864583333";"0,416666667";"0,864583333";10:00:00;20:45:00;10:00:00;20:45:00;11:00:00;20:00:00;10:00:00;20:45:00;10:00:00;20:45:00;10:00:00;20:45:00;11:00:00;20:00:00;;58.538056;31.264008
363113;173007;2;Новгородская область;Великий Новгород;Мерецкова-Волосова;улица;3;А;25;павильон рядом со SPAR;Стрит;8640001;"0,416666667";"0,791666667";"0,416666667";"0,791666667";"0,416666667";"0,791666667";"0,416666667";"0,791666667";9:00:00;21:00:00;10:00:00;19:00:00;10:00:00;19:00:00;10:00:00;19:00:00;9:00:00;21:00:00;10:00:00;19:00:00;10:00:00;19:00:00;;58.520986;31.267987
777469;173008;2;Новгородская область;Великий Новгород;Большая Санкт-Петербургская;130;-;_;"36,6";ТЦ Феникс сити;ТЦ;7X45000;"0,416666667";"0,875";"0,416666667";"0,875";"0,416666667";"0,875";"0,416666667";"0,875";10:00:00;21:00:00;10:00:00;21:00:00;10:00:00;21:00:00;10:00:00;21:00:00;10:00:00;21:00:00;10:00:00;21:00:00;10:00:00;21:00:00;;58.565449;31.280259
778120;194358;1;Ленинградская область;Санкт-Петербург;Михаила Дудина;улица;6;1;"30,3";ТК Парнас;ТЦ;WG04000;"0,416666667";"0,916666667";"0,416666667";"0,916666667";"0,416666667";"0,916666667";"0,416666667";"0,916666667";10:00:00;22:00:00;10:00:00;22:00:00;10:00:00;22:00:00;10:00:00;22:00:00;10:00:00;22:00:00;10:00:00;22:00:00;10:00:00;22:00:00;;60.066482;30.33817
750194;194362;1;Ленинградская область;Санкт-Петербург;Федора Абрамова;улица;4;_;"22,24";;Стрит;WF18000;"0,375";"0,916666667";"0,375";"0,916666667";"0,375";"0,916666667";"0,375";"0,916666667";9:00:00;22:00:00;9:00:00;22:00:00;9:00:00;22:00:00;9:00:00;22:00:00;9:00:00;22:00:00;9:00:00;22:00:00;9:00:00;22:00:00;;60.070049;30.334908
768432;195274;2;Ленинградская область;Санкт-Петербург;Культуры;проспект;1;литера А;"32,9";ТРК Родео Драйв;ТЦ;7R14000;"0,416666667";"0,916666667";"0,416666667";"0,916666667";"0,416666667";"0,916666667";"0,416666667";"0,916666667";10:00:00;22:00:00;10:00:00;22:00:00;10:00:00;22:00:00;10:00:00;22:00:00;10:00:00;22:00:00;10:00:00;22:00:00;10:00:00;22:00:00;;60.033502;30.368173
894614;194356;2;Ленинградская область;Санкт-Петербург;Просвещения;проспект;19;лит. А;"24,5";-;ТЦ;VM43000;"0,416666667";"0,916666667";"0,416666667";"0,916666667";"0,416666667";"0,916666667";"0,416666667";"0,916666667";10:00:00;22:00:00;10:00:00;22:00:00;10:00:00;22:00:00;10:00:00;22:00:00;10:00:00;22:00:00;10:00:00;22:00:00;10:00:00;22:00:00;;60.052703;30.331193
777499;170043;1;Тверская область;Тверь;Октябрьский;проспект;103;_;"62,6";;ТЦ;7D57000;"0,416666667";"0,916666667";"0,416666667";"0,916666667";"0,416666667";"0,916666667";"0,416666667";"0,916666667";10:00:00;22:00:00;10:00:00;22:00:00;10:00:00;22:00:00;10:00:00;22:00:00;10:00:00;22:00:00;10:00:00;22:00:00;10:00:00;22:00:00;;56.814503;35.88482
780529;170043;1;Тверская область;Тверь;Можайского;улица;61;_;"16,6";ТЦ Урожай;ТЦ;WJ79000;"0,375";"0,833333333";"0,375";"0,833333333";"0,375";"0,833333333";"0,375";"0,833333333";9:00:00;20:00:00;9:00:00;20:00:00;9:00:00;20:00:00;9:00:00;20:00:00;9:00:00;20:00:00;9:00:00;20:00:00;9:00:00;20:00:00;;56.821363;35.898988
775021;170034;2;Тверская область;Тверь;Чайковского;проспект;24/2б;_;"32,4";;Стрит;7T46000;"0,375";"0,833333333";"0,375";"0,833333333";"0,375";"0,833333333";"0,375";"0,833333333";9:00:00;20:00:00;9:00:00;20:00:00;9:00:00;20:00:00;9:00:00;20:00:00;9:00:00;20:00:00;9:00:00;20:00:00;9:00:00;20:00:00;;56.847587;35.906455
770762;170028;2;Тверская область;Тверь;Победы;проспект; 48/29;_;"35,7";;Стрит;7D59000;"0,375";"0,833333333";"0,375";"0,833333333";"0,375";"0,833333333";"0,375";"0,833333333";9:00:00;20:00:00;9:00:00;20:00:00;9:00:00;20:00:00;9:00:00;20:00:00;9:00:00;20:00:00;9:00:00;20:00:00;9:00:00;20:00:00;;56.83855;35.932544
777520;300026;1;Тульская область;Тула;Ленина;улица;122;_;"51,5";;ТЦ;7S76000;"0,375";"0,875";"0,375";"0,875";"0,375";"0,875";"0,375";"0,875";9:00:00;21:00:00;9:00:00;21:00:00;9:00:00;21:00:00;9:00:00;21:00:00;9:00:00;21:00:00;9:00:00;21:00:00;9:00:00;21:00:00;;54.152167;37.583401
682527;300041;1;Тульская область;Тула;Красноармейский;проспект;11;А;17;"Остановка общественного транспорта ""Лейтейзена"",напротив кинотеатра ""Октябрь""";Стрит;4200039;"0,375";"0,791666667";"0,375";"0,791666667";"0,375";"0,791666667";"0,375";"0,791666667";9:00:00;19:00:00;9:00:00;19:00:00;9:00:00;19:00:00;9:00:00;19:00:00;9:00:00;19:00:00;9:00:00;19:00:00;9:00:00;19:00:00;;54.196786;37.602024
768890;300041;2;Тульская область;Тула;Красноармейский;проспект;2;_;"25,5";;Стрит;7D56000;"0,375";"0,791666667";"0,375";"0,791666667";"0,375";"0,791666667";"0,375";"0,791666667";9:00:00;19:00:00;9:00:00;19:00:00;9:00:00;19:00:00;9:00:00;19:00:00;9:00:00;19:00:00;9:00:00;19:00:00;9:00:00;19:00:00;;54.196518;37.610543
722542;300041;2;Тульская область;Тула;пр-т. Ленина;проспект;19;_;"27,8";;Стрит;4200044;"0,375";"0,875";"0,375";"0,875";"0,375";"0,875";"0,375";"0,875";9:00:00;21:00:00;9:00:00;21:00:00;9:00:00;21:00:00;9:00:00;21:00:00;9:00:00;21:00:00;9:00:00;21:00:00;9:00:00;21:00:00;;54.190858;37.615469
747145;143302;1;Московская область;Наро-Фоминск;Кубинское ;шоссе;12;_;"32,9";;стрит;Д69000;"0,375";"0,875";"0,375";"0,875";"0,375";"0,875";"0,375";"0,875";9:00:00;21:00:00;9:00:00;21:00:00;9:00:00;21:00:00;9:00:00;21:00:00;9:00:00;21:00:00;9:00:00;21:00:00;9:00:00;21:00:00;;55.410542;36.71568
799063;143300;1;Московская область;Наро-Фоминск;Свободы;площадь;2;_;"31,8";;ТЦ;WK32000;"0,416666667";"0,916666667";"0,416666667";"0,916666667";"0,416666667";"0,916666667";"0,416666667";"0,916666667";10:00:00;22:00:00;10:00:00;22:00:00;10:00:00;22:00:00;10:00:00;22:00:00;10:00:00;22:00:00;10:00:00;22:00:00;10:00:00;22:00:00;;55.386881;36.733468
772002;143306;2;Московская область;Наро-Фоминск;Ленина;улица;8;_;"23,3";ТЦ Серпантин;ТЦ;7A61000;"0,375";"0,875";"0,375";"0,875";"0,375";"0,875";"0,375";"0,875";9:00:00;21:00:00;9:00:00;21:00:00;9:00:00;21:00:00;9:00:00;21:00:00;9:00:00;21:00:00;9:00:00;21:00:00;9:00:00;21:00:00;;55.383016;36.72805
572282;143300;2;Московская область;Наро-Фоминск;Маршала Жукова;улица;13;Б;36;"ж/д ст. Наро-Фоминск (Киевское напр). На Автостанции сесть на автолайн или авт. 13,7, ехать до ост. ""Мальково"", от ост. через 100 м пешеходный переход на другую сторону дороги, переходим и упираемся в ТЦ ""Оранжевое небо"". Офис Билайн расположен в ТЦ.";ТЦ;А26000;"0,416666667";"0,833333333";"0,416666667";"0,833333333";"0,416666667";"0,833333333";"0,416666667";"0,833333333";10:00:00;20:00:00;10:00:00;20:00:00;10:00:00;19:00:00;10:00:00;20:00:00;10:00:00;20:00:00;10:00:00;20:00:00;10:00:00;19:00:00;;55.382;36.720463
770749;123060;1;Московская область;Москва;Маршала Бирюзова;улица;17;_;"14,3";;Стрит;7A41000;"0,375";"0,916666667";"0,375";"0,916666667";"0,375";"0,916666667";"0,375";"0,916666667";9:00:00;22:00:00;9:00:00;22:00:00;9:00:00;22:00:00;9:00:00;22:00:00;9:00:00;22:00:00;9:00:00;22:00:00;9:00:00;22:00:00;;55.794019;37.492027
795953;125362;1;Московская область;Москва;Тушинская;улица;17;_;"25,4";ТЦ Праздник;ТЦ;WH90000;"0,375";"0,875";"0,375";"0,875";"0,375";"0,875";"0,375";"0,875";9:00:00;21:00:00;9:00:00;21:00:00;9:00:00;21:00:00;9:00:00;21:00:00;9:00:00;21:00:00;9:00:00;21:00:00;9:00:00;21:00:00;;55.82666;37.44479
1021501;141031;2;Московская область;Москва;Алтуфьевское;шоссе;3;стр. 1;"21,1";"пом. XXXXVIII, ТРК ВЕСНА";ТЦ;VN74000;"0,416666667";"0,916666667";"0,416666667";"0,916666667";"0,416666667";"0,916666667";"0,416666667";"0,916666667";10:00:00;22:00:00;10:00:00;22:00:00;10:00:00;22:00:00;10:00:00;22:00:00;10:00:00;22:00:00;10:00:00;22:00:00;10:00:00;22:00:00;;55.912999;37.583974
772016;127495;2;Московская область;Москва;Дмитровское;шоссе;163А;корп 1;"25,9";;ТЦ;7K06000;"0,416666667";"0,916666667";"0,416666667";"0,916666667";"0,416666667";"0,916666667";"0,416666667";"0,916666667";10:00:00;22:00:00;10:00:00;22:00:00;10:00:00;22:00:00;10:00:00;22:00:00;10:00:00;22:00:00;10:00:00;22:00:00;10:00:00;22:00:00;;55.908438;37.539612
771323;656049;1;Алтайский край;Барнаул;Красноармейский;проспект;47;А;"38,2";;ТЦ;7K63000;"0,416666667";"0,875";"0,416666667";"0,875";"0,416666667";"0,875";"0,416666667";"0,875";10:00:00;21:00:00;10:00:00;21:00:00;10:00:00;21:00:00;10:00:00;21:00:00;10:00:00;21:00:00;10:00:00;21:00:00;10:00:00;21:00:00;;53.335256;83.775402
778414;656002;1;Алтайский край;Барнаул;Ленина;проспект;102;В;"25,3"; ТРЦ Пионер;ТЦ;WJ26000;"0,416666667";"0,875";"0,416666667";"0,875";"0,416666667";"0,875";"0,416666667";"0,875";10:00:00;21:00:00;10:00:00;21:00:00;10:00:00;21:00:00;10:00:00;21:00:00;10:00:00;21:00:00;10:00:00;21:00:00;10:00:00;21:00:00;;53.362251;83.76405
773133;656906;2;Алтайский край;Барнаул;Белинского;улица;12;_;"16,6";;ТЦ;7F04000;"0,375";"0,833333333";"0,375";"0,833333333";"0,375";"0,833333333";"0,375";"0,833333333";9:00:00;20:00:00;9:00:00;20:00:00;9:00:00;20:00:00;9:00:00;20:00:00;9:00:00;20:00:00;9:00:00;20:00:00;9:00:00;20:00:00;;53.251688;83.686239
801086;656067;2;Алтайский край;Барнаул;Балтийская;улица;116;_;"37,5";ТЦ Мария-ра;ТЦ;WG56000;"0,375";"0,875";"0,375";"0,875";"0,375";"0,875";"0,375";"0,875";9:00:00;21:00:00;9:00:00;21:00:00;9:00:00;21:00:00;9:00:00;21:00:00;9:00:00;21:00:00;9:00:00;21:00:00;9:00:00;21:00:00;;53.338307;83.652091
769777;654011;1;Кемеровская область;Новокузнецк;Архитекторов;проспект;14;А;"16,3";;ТЦ;7L92000;"0,375";"0,875";"0,375";"0,875";"0,375";"0,875";"0,375";"0,875";9:00:00;21:00:00;9:00:00;21:00:00;9:00:00;21:00:00;9:00:00;21:00:00;9:00:00;21:00:00;9:00:00;21:00:00;9:00:00;21:00:00;;53.8927;87.113988
803024;652816;1;Кемеровская область;Новокузнецк;Запсибовцев;проспект;16;Б;"24,2";;Стрит;WG38000;"0,375";"0,791666667";"0,375";"0,791666667";"0,375";"0,791666667";"0,375";"0,791666667";9:00:00;19:00:00;9:00:00;19:00:00;9:00:00;19:00:00;9:00:00;19:00:00;9:00:00;19:00:00;9:00:00;19:00:00;9:00:00;19:00:00;;53.898708;87.128327
360560;654007;2;Кемеровская область;Новокузнецк;Ермакова;проспект;9;А;56;"Бизнес-центр ""Сити"", со стороны ул. Тольятти";ТЦ;7771001;"0,375";"0,833333333";"0,375";"0,833333333";"0,375";"0,833333333";"0,375";"0,833333333";9:00:00;20:00:00;9:00:00;19:00:00;9:00:00;19:00:00;9:00:00;20:00:00;9:00:00;20:00:00;9:00:00;19:00:00;9:00:00;19:00:00;;53.76789;87.133636
684197;654005;2;Кемеровская область;Новокузнецк;ДОЗ;улица;10;А;"46,5";ТЦ планета;ТЦ;7771022;"0,416666667";"0,916666667";"0,416666667";"0,916666667";"0,416666667";"0,916666667";"0,416666667";"0,916666667";10:00:00;22:00:00;10:00:00;22:00:00;10:00:00;22:00:00;10:00:00;22:00:00;10:00:00;22:00:00;10:00:00;22:00:00;10:00:00;22:00:00;;53.780323;87.126015
769506;650000;1;Кемеровская область;Кемерово;Ленина;проспект;45;_;"29,7";;Стрит;7V46000;"0,375";"0,875";"0,375";"0,875";"0,375";"0,875";"0,375";"0,875";9:00:00;21:00:00;9:00:00;21:00:00;9:00:00;21:00:00;9:00:00;21:00:00;9:00:00;21:00:00;9:00:00;21:00:00;9:00:00;21:00:00;;55.344124;86.083743
785614;650003;1;Кемеровская область;Кемерово;Строителей;бульвар;42;_;"23,8";;ТЦ;WK38000;"0,375";"0,875";"0,375";"0,875";"0,375";"0,875";"0,375";"0,875";9:00:00;21:00:00;9:00:00;21:00:00;9:00:00;21:00:00;9:00:00;21:00:00;9:00:00;21:00:00;9:00:00;21:00:00;9:00:00;21:00:00;;55.339557;86.172077
770550;650003;2;Кемеровская область;Кемерово;Химиков;проспект;39;_;"23,4";;ТЦ;WC12000;"0,375";"0,875";"0,375";"0,875";"0,375";"0,875";"0,375";"0,875";9:00:00;21:00:00;9:00:00;21:00:00;9:00:00;21:00:00;9:00:00;21:00:00;9:00:00;21:00:00;9:00:00;21:00:00;9:00:00;21:00:00;;55.343955;86.181321
743160;650002;2;Кемеровская область;Кемерово;Шахтеров;проспект;54;_;"7,8";ТРЦ Радуга;ТЦ;5640033;"0,416666667";"0,875";"0,416666667";"0,875";"0,416666667";"0,875";"0,416666667";"0,875";10:00:00;21:00:00;10:00:00;21:00:00;10:00:00;21:00:00;10:00:00;21:00:00;10:00:00;21:00:00;10:00:00;21:00:00;10:00:00;21:00:00;;55.399656;86.117917
697324;663302;1;Красноярский край;Норильск;Ленинский;проспект;24;_;"15,2";;ТЦ;6014003;"0,510416667";"0,822916667";"0,510416667";"0,822916667";"0,510416667";"0,822916667";"0,510416667";"0,822916667";12:15:00;19:45:00;12:15:00;19:45:00;12:15:00;18:45:00;12:15:00;19:45:00;12:15:00;19:45:00;12:15:00;19:45:00;12:15:00;18:45:00;;69.349569;88.201203
778467;663330;1;Красноярский край;Норильск;Строителей;улица;12;_;38;;ТЦ;7V61000;"0,458333333";"0,833333333";"0,458333333";"0,833333333";"0,458333333";"0,833333333";"0,458333333";"0,833333333";11:00:00;20:00:00;11:00:00;20:00:00;11:00:00;20:00:00;11:00:00;20:00:00;11:00:00;20:00:00;11:00:00;20:00:00;11:00:00;20:00:00;;69.484072;88.398381
760891;663319;2;Красноярский край;Норильск;Нансена;улица;70;_;"17,33";;Стрит;WC92000;"0,416666667";"0,833333333";"0,416666667";"0,833333333";"0,416666667";"0,833333333";"0,416666667";"0,833333333";10:00:00;20:00:00;10:00:00;20:00:00;10:00:00;20:00:00;10:00:00;20:00:00;10:00:00;20:00:00;10:00:00;20:00:00;10:00:00;20:00:00;;69.359066;88.171427
773135;663333;2;Красноярский край;Норильск;Рудная;улица;3;_;"43,3";;ТЦ;7V60000;"0,458333333";"0,833333333";"0,458333333";"0,833333333";"0,458333333";"0,833333333";"0,458333333";"0,833333333";11:00:00;20:00:00;11:00:00;20:00:00;11:00:00;20:00:00;11:00:00;20:00:00;11:00:00;20:00:00;11:00:00;20:00:00;11:00:00;20:00:00;;69.497921;88.403512
771490;630088;1;Новосибирская область;Новосибирск;Петухова;улица;73;_;"14,1";;ТЦ;7M19000;"0,375";"0,875";"0,375";"0,875";"0,375";"0,875";"0,375";"0,875";9:00:00;21:00:00;9:00:00;21:00:00;9:00:00;21:00:00;9:00:00;21:00:00;9:00:00;21:00:00;9:00:00;21:00:00;9:00:00;21:00:00;;54.941902;82.9233
696457;630064;1;Новосибирская область;Новосибирск;Ватутина;улица;107;_;"24,3";"ТЦ Мега, Ашан";ТЦ;5947028;"0,375";"0,916666667";"0,375";"0,916666667";"0,375";"0,916666667";"0,375";"0,916666667";9:00:00;22:00:00;9:00:00;22:00:00;9:00:00;22:00:00;9:00:00;22:00:00;9:00:00;22:00:00;9:00:00;22:00:00;9:00:00;22:00:00;;54.964199;82.936507
560611;630000;2;Новосибирская область;Новосибирск;Кирова;улица;113;Б;"16,5";"Остановка ""Октябрьский универмаг"",движение в сторону площади Ленина.";Стрит;5947013;"0,375";"0,875";"0,375";"0,875";"0,375";"0,875";"0,375";"0,875";9:00:00;21:00:00;9:00:00;21:00:00;9:00:00;21:00:00;9:00:00;21:00:00;9:00:00;21:00:00;9:00:00;21:00:00;9:00:00;21:00:00;;55.013268;82.953092
769507;630008;2;Новосибирская область;Новосибирск;Кирова;улица;159;_;"16,7";;Стрит;7V66000;"0,375";"0,833333333";"0,375";"0,833333333";"0,375";"0,833333333";"0,375";"0,833333333";9:00:00;20:00:00;9:00:00;20:00:00;9:00:00;20:00:00;9:00:00;20:00:00;9:00:00;20:00:00;9:00:00;20:00:00;9:00:00;20:00:00;;55.011173;82.958808
777843;644052;1;Омская область;Омск;4-я Челюскинцев;улица;119;_;"32,5";;Стрит;7V77000;"0,375";"0,875";"0,375";"0,875";"0,375";"0,875";"0,375";"0,875";9:00:00;21:00:00;9:00:00;21:00:00;9:00:00;21:00:00;9:00:00;21:00:00;9:00:00;21:00:00;9:00:00;21:00:00;9:00:00;21:00:00;;55.026311;73.414042
651649;644020;1;Омская область;Омск;Лобкова;улица;3;_;24;Салон находится на первом этаже жилого дома рядом с аптекой ?Фармакопейка?;Стрит;6154015;"0,375";"0,875";"0,375";"0,875";"0,375";"0,875";"0,375";"0,875";9:00:00;21:00:00;9:00:00;21:00:00;9:00:00;21:00:00;9:00:00;21:00:00;9:00:00;21:00:00;9:00:00;21:00:00;9:00:00;21:00:00;;54.938692;73.382968
749355;644020;2;Омская область;Омск;Рождественского;улица;6;_;"31,3";;стрит;WB76000;"0,375";"0,875";"0,375";"0,875";"0,375";"0,875";"0,375";"0,875";9:00:00;21:00:00;9:00:00;21:00:00;9:00:00;21:00:00;9:00:00;21:00:00;9:00:00;21:00:00;9:00:00;21:00:00;9:00:00;21:00:00;;54.940699;73.378443
776366;644106;2;Омская область;Омск;Лукашевича;улица;06-Jan;А;"29,3";;Стрит;7M29000;"0,416666667";"0,833333333";"0,416666667";"0,833333333";"0,416666667";"0,833333333";"0,416666667";"0,833333333";10:00:00;20:00:00;10:00:00;20:00:00;10:00:00;20:00:00;10:00:00;20:00:00;10:00:00;20:00:00;10:00:00;20:00:00;10:00:00;20:00:00;;54.992774;73.267584
568344;634028;1;Томская область;Томск;Нахимова;улица;15;А;"53,4";Офис расположен в торговом павильоне.Остановка Детский мир.;Стрит;6269009;"0,375";"0,875";"0,375";"0,875";"0,375";"0,875";"0,375";"0,875";9:00:00;21:00:00;9:00:00;21:00:00;9:00:00;21:00:00;9:00:00;21:00:00;9:00:00;21:00:00;9:00:00;21:00:00;9:00:00;21:00:00;;56.455036;84.973173
770927;634028;1;Томская область;Томск;Ленина;проспект;15;_;"27,2";;ТЦ;7G06000;"0,427083333";"0,822916667";"0,427083333";"0,822916667";"0,427083333";"0,822916667";"0,427083333";"0,822916667";10:15:00;19:45:00;10:15:00;19:45:00;10:15:00;19:45:00;10:15:00;19:45:00;10:15:00;19:45:00;10:15:00;19:45:00;10:15:00;19:45:00;;56.458161;84.951621
680923;634028;2;Томская область;Томск;Учебная;улица;48;Д;43;;ТЦ;6269017;"0,416666667";"0,916666667";"0,416666667";"0,916666667";"0,416666667";"0,916666667";"0,416666667";"0,916666667";10:00:00;22:00:00;10:00:00;22:00:00;10:00:00;22:00:00;10:00:00;22:00:00;10:00:00;22:00:00;10:00:00;22:00:00;10:00:00;22:00:00;;56.459533;84.965534
1031650;634009;2;Томская область;Томск;Ленина;проспект;163;А;"27,5";ТЦ Шанс;ТЦ;VO49000;"0,416666667";"0,822916667";"0,416666667";"0,822916667";"0,416666667";"0,822916667";"0,416666667";"0,822916667";10:00:00;19:45:00;10:00:00;19:45:00;10:00:00;19:45:00;10:00:00;19:45:00;10:00:00;19:45:00;10:00:00;19:45:00;10:00:00;19:45:00;;56.498485;84.948772
1010994;620012;1;Свердловская область;Екатеринбург;Космонавтов;проспект;108;_;"35,5";ТРЦ Веер Молл;ТЦ;VM73000;"0,416666667";"0,916666667";"0,416666667";"0,916666667";"0,416666667";"0,916666667";"0,416666667";"0,916666667";10:00:00;22:00:00;10:00:00;22:00:00;10:00:00;22:00:00;10:00:00;22:00:00;10:00:00;22:00:00;10:00:00;22:00:00;10:00:00;22:00:00;;56.920084;60.614641
690021;620010;1;Свердловская область;Екатеринбург;Грибоедова;улица;20;_;33;;Стрит;8500060;"0,375";"0,875";"0,375";"0,875";"0,375";"0,875";"0,375";"0,875";9:00:00;21:00:00;9:00:00;21:00:00;9:00:00;21:00:00;9:00:00;21:00:00;9:00:00;21:00:00;9:00:00;21:00:00;9:00:00;21:00:00;;56.753938;60.700958
778862;620072;2;Свердловская область;Екатеринбург;Сиреневый;бульвар;2;_;"53,4";;ТЦ;7H05000;"0,375";"0,875";"0,375";"0,875";"0,375";"0,875";"0,375";"0,875";9:00:00;21:00:00;9:00:00;21:00:00;9:00:00;21:00:00;9:00:00;21:00:00;9:00:00;21:00:00;9:00:00;21:00:00;9:00:00;21:00:00;;56.834514;60.683021
777979;620085;2;Свердловская область;Екатеринбург;Титова;улица;60;_;"34,1";;Стрит;7G82000;"0,416666667";"0,875";"0,416666667";"0,875";"0,416666667";"0,875";"0,416666667";"0,875";10:00:00;21:00:00;10:00:00;20:00:00;10:00:00;20:00:00;10:00:00;21:00:00;10:00:00;21:00:00;10:00:00;20:00:00;10:00:00;20:00:00;;56.769315;60.614342
772143;622002;1;Свердловская область;Нижний Тагил;Фрунзе;улица;52;_;"18,7";;Стрит;7Y84000;"0,375";"0,833333333";"0,375";"0,833333333";"0,375";"0,833333333";"0,375";"0,833333333";9:00:00;20:00:00;9:00:00;20:00:00;9:00:00;20:00:00;9:00:00;20:00:00;9:00:00;20:00:00;9:00:00;20:00:00;9:00:00;20:00:00;;57.921831;59.941391
372208;622034;1;Свердловская область;Нижний Тагил;Строителей;проспект;2;_;"31,4";"Остановка""Кинотеатр Родина"". Транспорт: трамвай №3, маршрутное такси №4, 20, 14";Стрит;8500003;"0,375";"0,833333333";"0,375";"0,833333333";"0,375";"0,833333333";"0,375";"0,833333333";9:00:00;20:00:00;9:00:00;20:00:00;9:00:00;20:00:00;9:00:00;20:00:00;9:00:00;20:00:00;9:00:00;20:00:00;9:00:00;20:00:00;;57.908008;59.976198
771472;622018;2;Свердловская область;Нижний Тагил;Юности;улица;16;_;"29,1";;Стрит;7H06000;"0,395833333";"0,854166667";"0,395833333";"0,854166667";"0,395833333";"0,854166667";"0,395833333";"0,854166667";9:30:00;20:30:00;9:30:00;20:30:00;9:30:00;20:30:00;9:30:00;20:30:00;9:30:00;20:30:00;9:30:00;20:30:00;9:30:00;20:30:00;;57.910247;60.093475
784340;622049;2;Свердловская область;Нижний Тагил;Черноисточинское;шоссе;49;_;"30,9";ТЦ КИТ;ТЦ;WK42000;"0,416666667";"0,875";"0,416666667";"0,875";"0,416666667";"0,875";"0,416666667";"0,875";10:00:00;21:00:00;10:00:00;21:00:00;10:00:00;21:00:00;10:00:00;21:00:00;10:00:00;21:00:00;10:00:00;21:00:00;10:00:00;21:00:00;;57.869624;59.942444
690020;426057;1;Республика Удмуртия;Ижевск;Красноармейская;улица;126;_;16;Рядом с въездом на Центральный рынок;Стрит;9625019;"0,375";"0,833333333";"0,375";"0,833333333";"0,375";"0,833333333";"0,375";"0,833333333";9:00:00;20:00:00;9:00:00;20:00:00;9:00:00;20:00:00;9:00:00;20:00:00;9:00:00;20:00:00;9:00:00;20:00:00;9:00:00;20:00:00;;56.839697;53.210633
559747;426075;1;Республика Удмуртия;Ижевск;Ленина;улица;138;_;27;1й этаж торгового центра "КИТ";ТЦ;9625008;"0,416666667";"0,875";"0,416666667";"0,875";"0,416666667";"0,875";"0,416666667";"0,875";10:00:00;21:00:00;10:00:00;21:00:00;10:00:00;21:00:00;10:00:00;21:00:00;10:00:00;21:00:00;10:00:00;21:00:00;10:00:00;21:00:00;;56.846108;53.289329
562845;426000;2;Республика Удмуртия;Ижевск;Петрова;улица;29;_;12;"ижевск петрова 29, ТРК ""петровский""";ТЦ;9625012;"0,416666667";"0,916666667";"0,416666667";"0,916666667";"0,416666667";"0,916666667";"0,416666667";"0,916666667";10:00:00;22:00:00;10:00:00;22:00:00;10:00:00;22:00:00;10:00:00;22:00:00;10:00:00;22:00:00;10:00:00;22:00:00;10:00:00;22:00:00;;56.872167;53.292247
776276;426027;2;Республика Удмуртия;Ижевск;Удмуртская;улица;255;Б;"23,7";ТЦ Флагман;ТЦ;7A83000;"0,416666667";"0,875";"0,416666667";"0,875";"0,416666667";"0,875";"0,416666667";"0,875";10:00:00;21:00:00;10:00:00;21:00:00;10:00:00;21:00:00;10:00:00;21:00:00;10:00:00;21:00:00;10:00:00;21:00:00;10:00:00;21:00:00;;56.865823;53.222004
698866;420029;1;Республика Татарстан;Казань;Сибирский;тракт;34;_;"21,4";"Сибирский тракт, дом 34, корпус 1";Стрит;E516058;"0,375";"0,75";"0,375";"0,75";"0,375";"0,75";"0,375";"0,75";9:00:00;18:00:00;9:00:00;18:00:00;9:00:00;18:00:00;9:00:00;18:00:00;9:00:00;18:00:00;9:00:00;18:00:00;9:00:00;18:00:00;;55.819081;49.184124
770713;420127;1;Республика Татарстан;Казань;Дементьева;улица;33;А;"31,4";;Стрит;7J25000;"0,375";"0,833333333";"0,375";"0,833333333";"0,375";"0,833333333";"0,375";"0,833333333";9:00:00;20:00:00;9:00:00;20:00:00;9:00:00;20:00:00;9:00:00;20:00:00;9:00:00;20:00:00;9:00:00;20:00:00;9:00:00;20:00:00;;55.860255;49.100481
746113;420037;2;Республика Татарстан;Казань;Ленинградская;улица;27;_;"30,3";ТЦ Бахетле;ТЦ;WS99000;"0,375";"0,875";"0,375";"0,875";"0,375";"0,875";"0,375";"0,875";9:00:00;21:00:00;9:00:00;21:00:00;9:00:00;21:00:00;9:00:00;21:00:00;9:00:00;21:00:00;9:00:00;21:00:00;9:00:00;21:00:00;;55.863488;49.085407
564080;420132;2;Республика Татарстан;Казань;Маршала Чуйкова;улица;69;_;35;"перекресток ул Чуйкова и Адоратского, первый этаж многоквартирного жилого дома, отдельный вход; близлежащая остановка общественно транспорта ""Роддом""";Стрит;E516037;"0,375";"0,833333333";"0,375";"0,833333333";"0,375";"0,833333333";"0,375";"0,833333333";9:00:00;20:00:00;9:00:00;20:00:00;9:00:00;20:00:00;9:00:00;20:00:00;9:00:00;20:00:00;9:00:00;20:00:00;9:00:00;20:00:00;;55.836279;49.14654
434536;420101;1;Республика Татарстан;Казань;Хусаина Мавлютова;улица;45;_;17;первый этаж торгового центра "Сити-Центр";ТЦ;E516023;"0,416666667";"0,916666667";"0,416666667";"0,916666667";"0,416666667";"0,916666667";"0,416666667";"0,916666667";10:00:00;22:00:00;10:00:00;22:00:00;10:00:00;22:00:00;10:00:00;22:00:00;10:00:00;22:00:00;10:00:00;22:00:00;10:00:00;22:00:00;;55.744468;49.19247
377466;420043;1;Республика Татарстан;Казань;Вишневского;улица;14;_;93;"перекресток ул. Вишневского с ул. Калинина,возле магазина Бюрократ, на углу жилого девятиэтажного здания.";Стрит;4502000;"0,375";"0,875";"0,375";"0,875";"0,375";"0,875";"0,375";"0,875";9:00:00;21:00:00;9:00:00;21:00:00;9:00:00;21:00:00;9:00:00;21:00:00;9:00:00;21:00:00;9:00:00;21:00:00;9:00:00;21:00:00;;55.784141;49.14935
759897;420111;2;Республика Татарстан;Казань;М. Межлаука;улица;13;А;"34,2";;Стрит;WT45000;"0,333333333";"0,833333333";"0,333333333";"0,833333333";"0,333333333";"0,833333333";"0,333333333";"0,833333333";8:00:00;20:00:00;8:00:00;20:00:00;8:00:00;20:00:00;8:00:00;20:00:00;8:00:00;20:00:00;8:00:00;20:00:00;8:00:00;20:00:00;;55.785828;49.108063
701328;420111;2;Республика Татарстан;Казань;Московская;улица;44;2;"12,6";;Стрит;E516059;"0,333333333";"0,791666667";"0,333333333";"0,791666667";"0,333333333";"0,791666667";"0,333333333";"0,791666667";8:00:00;19:00:00;8:00:00;19:00:00;8:00:00;19:00:00;8:00:00;19:00:00;8:00:00;19:00:00;8:00:00;19:00:00;8:00:00;19:00:00;;55.786852;49.109157
776384;640007;1;Курганская область;Курган;Машиностроителей;проспект;2;В;"20,4";;Стрит;7H31000;"0,4375";"0,822916667";"0,4375";"0,822916667";"0,4375";"0,822916667";"0,4375";"0,822916667";10:30:00;19:45:00;10:30:00;19:45:00;10:30:00;19:45:00;10:30:00;19:45:00;10:30:00;19:45:00;10:30:00;19:45:00;10:30:00;19:45:00;;55.453191;65.340376
556755;640018;1;Курганская область;Курган;Куйбышева;улица;74;Д;"26,8";площадь перед Центральным рынком;ТЦ;9000004;"0,375";"0,791666667";"0,375";"0,791666667";"0,375";"0,791666667";"0,375";"0,791666667";9:00:00;19:00:00;9:00:00;19:00:00;9:00:00;19:00:00;9:00:00;19:00:00;9:00:00;19:00:00;9:00:00;19:00:00;9:00:00;19:00:00;;55.438691;65.357995
556754;640003;2;Курганская область;Курган;Невежина;улица;3;корп. 10;"45,5";1 этаж Торгового центра "РИО";ТЦ;9000003;"0,375";"0,833333333";"0,375";"0,833333333";"0,375";"0,833333333";"0,375";"0,833333333";9:00:00;20:00:00;9:00:00;20:00:00;9:00:00;20:00:00;9:00:00;20:00:00;9:00:00;20:00:00;9:00:00;20:00:00;9:00:00;20:00:00;;55.428335;65.298073
770864;640003;2;Курганская область;Курган;Пушкина;улица;25;_;"23,8";;ТЦ;7J20000;"0,416666667";"0,833333333";"0,416666667";"0,833333333";"0,416666667";"0,833333333";"0,416666667";"0,833333333";10:00:00;20:00:00;10:00:00;20:00:00;10:00:00;20:00:00;10:00:00;20:00:00;10:00:00;20:00:00;10:00:00;20:00:00;10:00:00;20:00:00;;55.432238;65.319123
378574;603004;1;Нижегородская область;Нижний Новгород;Октября;проспект;2;А;31;"ТЦ ""Автозаводский универмаг"" , правое крыло";ТЦ;4405004;"0,375";"0,875";"0,375";"0,875";"0,375";"0,875";"0,375";"0,875";9:00:00;21:00:00;9:00:00;21:00:00;9:00:00;21:00:00;9:00:00;21:00:00;9:00:00;21:00:00;9:00:00;21:00:00;9:00:00;21:00:00;;56.243025;43.864934
540407;603138;1;Нижегородская область;Нижний Новгород;Плотникова;улица;3;А;42;"Офис продаж располагается в ТЦ ""Карусель"" , на 1м этаже здания, справа при входе";ТЦ;4405032;"0,375";"0,875";"0,375";"0,875";"0,375";"0,875";"0,375";"0,875";9:00:00;21:00:00;9:00:00;21:00:00;9:00:00;21:00:00;9:00:00;21:00:00;9:00:00;21:00:00;9:00:00;21:00:00;9:00:00;21:00:00;;56.259252;43.85615
702175;603147;2;Нижегородская область;Нижний Новгород;Веденяпина;улица;2;Б;32;ТЦ "парк Авеню";ТЦ;4405050;"0,375";"0,875";"0,375";"0,875";"0,375";"0,875";"0,375";"0,875";9:00:00;21:00:00;9:00:00;21:00:00;9:00:00;21:00:00;9:00:00;21:00:00;9:00:00;21:00:00;9:00:00;21:00:00;9:00:00;21:00:00;;56.239687;43.864032
704146;603123;2;Нижегородская область;Нижний Новгород;Южное;шоссе;2;Г;30;ТЦ Крым;ТЦ;4405048;"0,375";"0,875";"0,375";"0,875";"0,375";"0,875";"0,375";"0,875";9:00:00;21:00:00;9:00:00;21:00:00;9:00:00;21:00:00;9:00:00;21:00:00;9:00:00;21:00:00;9:00:00;21:00:00;9:00:00;21:00:00;;56.222046;43.853854
777395;462419;1;Оренбургская область;Орск;Ленина;проспект;25;_;"33,6";;ТЦ;7F49000;"0,416666667";"0,833333333";"0,416666667";"0,833333333";"0,416666667";"0,833333333";"0,416666667";"0,833333333";10:00:00;20:00:00;10:00:00;20:00:00;10:00:00;20:00:00;10:00:00;20:00:00;10:00:00;20:00:00;10:00:00;20:00:00;10:00:00;20:00:00;;51.228311;58.474921
556897;462404;1;Оренбургская область;Орск;Ленина;проспект;41;А;50;;Стрит;PH28005;"0,375";"0,875";"0,375";"0,875";"0,375";"0,875";"0,375";"0,875";9:00:00;21:00:00;9:00:00;21:00:00;9:00:00;21:00:00;9:00:00;21:00:00;9:00:00;21:00:00;9:00:00;21:00:00;9:00:00;21:00:00;;51.234892;58.472054
373768;462429;2;Оренбургская область;Орск;Ленина;проспект;94;_;61;"Остановка, рядом с рынком ""Центральный""";Стрит;PH29001;"0,416666667";"0,833333333";"0,416666667";"0,833333333";"0,416666667";"0,833333333";"0,416666667";"0,833333333";10:00:00;20:00:00;10:00:00;20:00:00;10:00:00;20:00:00;10:00:00;20:00:00;10:00:00;20:00:00;10:00:00;20:00:00;10:00:00;20:00:00;;51.249319;58.456868
541933;462428;2;Оренбургская область;Орск;Васнецова;улица;16;_;38;ТЦ "Универмаг" слева от центрального входа.;Стрит;PH28002;"0,375";"0,833333333";"0,375";"0,833333333";"0,375";"0,833333333";"0,375";"0,833333333";9:00:00;20:00:00;9:00:00;20:00:00;9:00:00;20:00:00;9:00:00;20:00:00;9:00:00;20:00:00;9:00:00;20:00:00;9:00:00;20:00:00;;51.223079;58.495897
703358;460000;1;Оренбургская область;Оренбург;8 марта;улица;42;_;"32,4";ТЦ "Восход";ТЦ;PH29020;"0,416666667";"0,916666667";"0,416666667";"0,916666667";"0,416666667";"0,916666667";"0,416666667";"0,916666667";10:00:00;22:00:00;10:00:00;22:00:00;10:00:00;22:00:00;10:00:00;22:00:00;10:00:00;22:00:00;10:00:00;22:00:00;10:00:00;22:00:00;;51.770567;55.102965
530612;460036;1;Оренбургская область;Оренбург;Карагандинская;улица;82;_;59;Слева от магазина "Фейерверки";Стрит;PH29004;"0,416666667";"0,875";"0,416666667";"0,875";"0,416666667";"0,875";"0,416666667";"0,875";10:00:00;21:00:00;10:00:00;21:00:00;10:00:00;21:00:00;10:00:00;21:00:00;10:00:00;21:00:00;10:00:00;21:00:00;10:00:00;21:00:00;;51.785204;55.154717
556449;460014;2;Оренбургская область;Оренбург;Ленинская;улица;39/18;_;48;"Салон находится на 1-м этаже торгового комплекса ""Успех"", слева от входа в ТК.";ТЦ;PH29010;"0,416666667";"0,875";"0,416666667";"0,875";"0,416666667";"0,875";"0,416666667";"0,875";10:00:00;21:00:00;10:00:00;21:00:00;10:00:00;21:00:00;10:00:00;21:00:00;10:00:00;21:00:00;10:00:00;21:00:00;10:00:00;21:00:00;;51.76117;55.104202
544736;460050;2;Оренбургская область;Оренбург;Новая;улица;4;_;44;"Салон находится на 1-м этаже торгово-развлекательного комплекса ""Гулливер"",вход со стороны ул.Новой,по правой стороне,после ювелирного отдела.";ТЦ;PH29007;"0,416666667";"0,916666667";"0,416666667";"0,916666667";"0,416666667";"0,916666667";"0,416666667";"0,916666667";10:00:00;22:00:00;10:00:00;22:00:00;10:00:00;22:00:00;10:00:00;22:00:00;10:00:00;22:00:00;10:00:00;22:00:00;10:00:00;22:00:00;;51.810828;55.090503
537469;440066;1;Пензенская область;Пенза;Строителей;проспект;49;А;23;ТЦ "проспект";ТЦ;8250015;"0,375";"0,875";"0,375";"0,875";"0,375";"0,875";"0,375";"0,875";9:00:00;21:00:00;9:00:00;21:00:00;9:00:00;21:00:00;9:00:00;21:00:00;9:00:00;21:00:00;9:00:00;21:00:00;9:00:00;21:00:00;;0.532224;44.890911
775026;440011;1;Пензенская область;Пенза;Карпинского;улица;39;_;"39,8";;ТЦ;7H69000;"0,375";"0,875";"0,375";"0,875";"0,375";"0,875";"0,375";"0,875";9:00:00;21:00:00;9:00:00;21:00:00;9:00:00;21:00:00;9:00:00;21:00:00;9:00:00;21:00:00;9:00:00;21:00:00;9:00:00;21:00:00;;53.209876;44.977719
363008;440031;2;Пензенская область;Пенза;Кижеватова;улица;27;_;50;ТЦ Мой;ТЦ;8250003;"0,375";"0,791666667";"0,375";"0,791666667";"0,375";"0,791666667";"0,375";"0,791666667";9:00:00;19:00:00;9:00:00;19:00:00;9:00:00;19:00:00;9:00:00;19:00:00;9:00:00;19:00:00;9:00:00;19:00:00;9:00:00;19:00:00;;53.166932;44.98268
554815;440067;2;Пензенская область;Пенза;Клары Цеткин;улица;55;55;54;напротив ТЦ "Рынок Шуист";Стрит;8250017;"0,375";"0,875";"0,375";"0,875";"0,375";"0,875";"0,375";"0,875";9:00:00;21:00:00;9:00:00;21:00:00;9:00:00;21:00:00;9:00:00;21:00:00;9:00:00;21:00:00;9:00:00;21:00:00;9:00:00;21:00:00;;53.215529;45.054464
717384;440000;1;Пензенская область;Пенза;Плеханова;улица;19;_;32;ТЦ Сан и Март;ТЦ;8250029;"0,375";"0,875";"0,375";"0,875";"0,375";"0,875";"0,375";"0,875";9:00:00;21:00:00;9:00:00;21:00:00;9:00:00;21:00:00;9:00:00;21:00:00;9:00:00;21:00:00;9:00:00;21:00:00;9:00:00;21:00:00;;53.200271;45.012026
1029611;440062;1;Пензенская область;Пенза;Строителей;проспект;90;_;"45,9";;ТЦ;VO36000;"0,375";"0,875";"0,375";"0,875";"0,375";"0,875";"0,375";"0,875";9:00:00;21:00:00;9:00:00;21:00:00;9:00:00;21:00:00;9:00:00;21:00:00;9:00:00;21:00:00;9:00:00;21:00:00;9:00:00;21:00:00;;53.22157;44.90909
1031068;440066;2;Пензенская область;Пенза;Победы;проспект;126;_;"49,8";-;Стрит;VO51000;"0,333333333";"0,833333333";"0,333333333";"0,833333333";"0,333333333";"0,833333333";"0,333333333";"0,833333333";8:00:00;20:00:00;8:00:00;20:00:00;8:00:00;20:00:00;8:00:00;20:00:00;8:00:00;20:00:00;8:00:00;20:00:00;8:00:00;20:00:00;;53.228271;44.933829
554814;440000;2;Пензенская область;Пенза;Луначарского;улица;1;_;24;Автовокзал торговая площадь;Стрит;8250016;"0,333333333";"0,833333333";"0,333333333";"0,833333333";"0,333333333";"0,833333333";"0,333333333";"0,833333333";8:00:00;20:00:00;8:00:00;20:00:00;8:00:00;20:00:00;8:00:00;20:00:00;8:00:00;20:00:00;8:00:00;20:00:00;8:00:00;20:00:00;;53.206456;45.012243
718949;443070;1;Самарская область;Самара; Аэродромная;улица;47;А;35;ТЦ Аврора Молл;ТЦ;4813057;"0,416666667";"0,916666667";"0,416666667";"0,916666667";"0,416666667";"0,916666667";"0,416666667";"0,916666667";10:00:00;22:00:00;10:00:00;22:00:00;10:00:00;22:00:00;10:00:00;22:00:00;10:00:00;22:00:00;10:00:00;22:00:00;10:00:00;22:00:00;;53.190909;50.189773
387983;443058;1;Самарская область;Самара;Победы;улица;92;А;45;пересечение ул.победы/Ново-Вокзальной. Возле входа в ст.м.Безымянка.;Стрит;4813008;"0,375";"0,833333333";"0,375";"0,833333333";"0,375";"0,833333333";"0,375";"0,833333333";9:00:00;20:00:00;9:00:00;20:00:00;9:00:00;20:00:00;9:00:00;20:00:00;9:00:00;20:00:00;9:00:00;20:00:00;9:00:00;20:00:00;;53.212718;50.247397
375441;443056;2;Самарская область;Самара;Московское;шоссе;2;Б;"102,8";Напротив "М-Видео". Рядом с ТЦ "Скала". Ослуживание корпоративных клиентов производится на втором этаже офиса Билайн.;Стрит;4813000;"0,375";"0,791666667";"0,375";"0,791666667";"0,375";"0,791666667";"0,375";"0,791666667";9:00:00;19:00:00;9:00:00;19:00:00;9:00:00;19:00:00;9:00:00;19:00:00;9:00:00;19:00:00;9:00:00;19:00:00;9:00:00;19:00:00;;53.20342;50.143376
659572;443085;2;Самарская область;Самара;Южное;шоссе;5;_;63;"ТЦ Амбар, 1 этаж.Напротив касс Ашана.";ТЦ;4813050;"0,416666667";"0,916666667";"0,416666667";"0,916666667";"0,416666667";"0,916666667";"0,416666667";"0,916666667";10:00:00;22:00:00;10:00:00;22:00:00;10:00:00;22:00:00;10:00:00;22:00:00;10:00:00;22:00:00;10:00:00;22:00:00;10:00:00;22:00:00;;53.14035;50.173673
760427;394016;1;Воронежская область;Воронеж;Московский;проспект;82;_;"33,5";;Стрит;7R11000;"0,375";"0,791666667";"0,375";"0,791666667";"0,375";"0,791666667";"0,375";"0,791666667";9:00:00;19:00:00;9:00:00;19:00:00;9:00:00;19:00:00;9:00:00;19:00:00;9:00:00;19:00:00;9:00:00;19:00:00;9:00:00;19:00:00;;51.701604;39.182661
771018;394088;1;Воронежская область;Воронеж;Генерала Лизюкова;улица;60;_;"52,6";;ТЦ;7M88000;"0,375";"0,875";"0,375";"0,875";"0,375";"0,875";"0,375";"0,875";9:00:00;21:00:00;9:00:00;21:00:00;9:00:00;21:00:00;9:00:00;21:00:00;9:00:00;21:00:00;9:00:00;21:00:00;9:00:00;21:00:00;;51.706041;39.148674
768868;394018;2;Воронежская область;Воронеж;Кольцовская;улица;35;_;"31,6";ТЦ Галерея Чижова;ТЦ;7F68000;"0,416666667";"0,916666667";"0,416666667";"0,916666667";"0,416666667";"0,916666667";"0,416666667";"0,916666667";10:00:00;22:00:00;10:00:00;22:00:00;10:00:00;22:00:00;10:00:00;22:00:00;10:00:00;22:00:00;10:00:00;22:00:00;10:00:00;22:00:00;;51.667177;39.191858
563999;394018;2;Воронежская область;Воронеж;Фридриха Энгельса;улица;64;А;56;ТЦ Атмосфера;ТЦ;2751011;"0,416666667";"0,833333333";"0,416666667";"0,833333333";"0,416666667";"0,833333333";"0,416666667";"0,833333333";10:00:00;20:00:00;10:00:00;20:00:00;10:00:00;20:00:00;10:00:00;20:00:00;10:00:00;20:00:00;10:00:00;20:00:00;10:00:00;20:00:00;;51.663399;39.194751
776754;364008;1;Чеченская республика;Грозный;Революции;проспект;Dec-64;_;"43,7";;Стрит;7V02000;"0,375";"0,833333333";"0,375";"0,833333333";"0,375";"0,833333333";"0,375";"0,833333333";9:00:00;20:00:00;9:00:00;20:00:00;9:00:00;20:00:00;9:00:00;20:00:00;9:00:00;20:00:00;9:00:00;20:00:00;9:00:00;20:00:00;;43.320524;45.688919
564773;364028;1;Чеченская республика;Грозный;Заветы Ильича;улица;60;_;70;Остановка "Магазин Нефтяник";Стрит;Z000011;"0,375";"0,833333333";"0,375";"0,833333333";"0,375";"0,833333333";"0,375";"0,833333333";9:00:00;20:00:00;9:00:00;20:00:00;9:00:00;20:00:00;9:00:00;20:00:00;9:00:00;20:00:00;9:00:00;20:00:00;9:00:00;20:00:00;;43.365006;45.612401
519485;364051;2;Чеченская республика;Грозный;Лорсанова;улица;15;_;"41,1";напротив "Роял Бургера";Стрит;Z000001;"0,375";"0,833333333";"0,375";"0,833333333";"0,375";"0,833333333";"0,375";"0,833333333";9:00:00;20:00:00;9:00:00;20:00:00;9:00:00;20:00:00;9:00:00;20:00:00;9:00:00;20:00:00;9:00:00;20:00:00;9:00:00;20:00:00;;43.321619;45.691706
695222;364051;2;Чеченская республика;Грозный;лорсанова;улица;1;А;"37,91";на пересечении улиц Трошева и Маяковского;ТЦ;Z000014;"0,375";"0,833333333";"0,375";"0,833333333";"0,375";"0,833333333";"0,375";"0,833333333";9:00:00;20:00:00;9:00:00;20:00:00;9:00:00;20:00:00;9:00:00;20:00:00;9:00:00;20:00:00;9:00:00;20:00:00;9:00:00;20:00:00;;43.32448;45.686533
712286;352922;1;Краснодарский край;Армавир;Воровского;улица;69;_;20;ТРК Красная площадь;ТЦ;6628018;"0,416666667";"0,916666667";"0,416666667";"0,916666667";"0,416666667";"0,916666667";"0,416666667";"0,916666667";10:00:00;22:00:00;10:00:00;22:00:00;10:00:00;22:00:00;10:00:00;22:00:00;10:00:00;22:00:00;10:00:00;22:00:00;10:00:00;22:00:00;;44.983245;41.096906
280660;352900;1;Краснодарский край;Армавир;Кирова;улица;53;_;28;Центральная площадь города.;Стрит;6628007;"0,375";"0,791666667";"0,375";"0,791666667";"0,375";"0,791666667";"0,375";"0,791666667";9:00:00;19:00:00;9:00:00;19:00:00;9:00:00;19:00:00;9:00:00;19:00:00;9:00:00;19:00:00;9:00:00;19:00:00;9:00:00;19:00:00;;44.997222;41.130708
773490;352924;2;Краснодарский край;Армавир;Новороссийская;улица;129;_;"24,1";;Стрит;7L36000;"0,375";"0,833333333";"0,375";"0,833333333";"0,375";"0,833333333";"0,375";"0,833333333";9:00:00;20:00:00;9:00:00;20:00:00;9:00:00;20:00:00;9:00:00;20:00:00;9:00:00;20:00:00;9:00:00;20:00:00;9:00:00;20:00:00;;44.994995;41.084825
557264;352900;2;Краснодарский край;Армавир;Халтурина;улица;103;_;50;"Напротив центрального рынка,вход со стороны улицы Халтурина.";Стрит;6628004;"0,333333333";"0,791666667";"0,333333333";"0,791666667";"0,333333333";"0,791666667";"0,333333333";"0,791666667";8:00:00;19:00:00;8:00:00;19:00:00;8:00:00;19:00:00;8:00:00;19:00:00;8:00:00;19:00:00;8:00:00;19:00:00;8:00:00;19:00:00;;44.995003;41.134044
777712;352500;1;Краснодарский край;Лабинск;Ленина;улица;160;_;21;;Стрит;7U42000;"0,333333333";"0,833333333";"0,333333333";"0,833333333";"0,333333333";"0,833333333";"0,333333333";"0,833333333";8:00:00;20:00:00;8:00:00;20:00:00;8:00:00;20:00:00;8:00:00;20:00:00;8:00:00;20:00:00;8:00:00;20:00:00;8:00:00;20:00:00;;44.636014;40.726053
777269;352500;2;Краснодарский край;Лабинск;Халтурина;улица;51;_;"48,2";;ТЦ;7U49000;"0,333333333";"0,833333333";"0,333333333";"0,833333333";"0,333333333";"0,833333333";"0,333333333";"0,833333333";8:00:00;20:00:00;8:00:00;20:00:00;8:00:00;20:00:00;8:00:00;20:00:00;8:00:00;20:00:00;8:00:00;20:00:00;8:00:00;20:00:00;;44.635399;40.733243
497959;385000;1;Республика Адыгея;Майкоп;Гоголя/Пролетарская;улица;38/207;_;"37,2";Салон находится рядом со входом в центральный рынок;Стрит;6628011;"0,333333333";"0,833333333";"0,333333333";"0,833333333";"0,333333333";"0,833333333";"0,333333333";"0,833333333";8:00:00;20:00:00;8:00:00;20:00:00;8:00:00;20:00:00;8:00:00;20:00:00;8:00:00;20:00:00;8:00:00;20:00:00;8:00:00;20:00:00;;44.609564;40.109782
358150;385000;2;Республика Адыгея;Майкоп;Жуковского;улица;29;_;62;рядом со зданием МВД;Стрит;6628000;"0,375";"0,791666667";"0,375";"0,791666667";"0,375";"0,791666667";"0,375";"0,791666667";9:00:00;19:00:00;9:00:00;19:00:00;9:00:00;19:00:00;9:00:00;19:00:00;9:00:00;19:00:00;9:00:00;19:00:00;9:00:00;19:00:00;;44.608506;40.10723
762201;367026;1;Республика Дагестан;Махачкала;И. Шамиля;проспект;48;_;"41,5";;Стрит;7U64000;"0,375";"0,791666667";"0,375";"0,791666667";"0,375";"0,791666667";"0,375";"0,791666667";9:00:00;19:00:00;9:00:00;19:00:00;9:00:00;19:00:00;9:00:00;19:00:00;9:00:00;19:00:00;9:00:00;19:00:00;9:00:00;19:00:00;;42.971374;47.48853
744128;367030;1;Республика Дагестан;Махачкала;Ирчи Казака;улица;22;А;"35,1";;Стрит;6877004;"0,375";"0,791666667";"0,375";"0,791666667";"0,375";"0,791666667";"0,375";"0,791666667";9:00:00;19:00:00;9:00:00;19:00:00;9:00:00;19:00:00;9:00:00;19:00:00;9:00:00;19:00:00;9:00:00;19:00:00;9:00:00;19:00:00;;42.961591;47.512861
806209;367000;2;Республика Дагестан;Махачкала;Коркмасова;улица;20;_;"16,3";;Стрит;WG54000;"0,375";"0,791666667";"0,375";"0,791666667";"0,375";"0,791666667";"0,375";"0,791666667";9:00:00;19:00:00;9:00:00;19:00:00;9:00:00;19:00:00;9:00:00;19:00:00;9:00:00;19:00:00;9:00:00;19:00:00;9:00:00;19:00:00;;42.980949;47.499488
268743;367010;2;Республика Дагестан;Махачкала;Ш.Алиева;улица;29;А;"62,9";Рядом советский РОВД;Стрит;6877000;"0,375";"0,791666667";"0,375";"0,791666667";"0,375";"0,791666667";"0,375";"0,791666667";9:00:00;19:00:00;9:00:00;19:00:00;9:00:00;19:00:00;9:00:00;19:00:00;9:00:00;19:00:00;9:00:00;19:00:00;9:00:00;19:00:00;;42.972473;47.489653
770965;360051;1;Республика Кабардино-Балкария;Нальчик;Шогенцукова;проспект;16;_;"52,4";;ТЦ;7D86000;"0,375";"0,833333333";"0,375";"0,833333333";"0,375";"0,833333333";"0,375";"0,833333333";9:00:00;20:00:00;9:00:00;20:00:00;9:00:00;20:00:00;9:00:00;20:00:00;9:00:00;20:00:00;9:00:00;20:00:00;9:00:00;20:00:00;;43.481156;43.607559
557894;360051;1;Республика Кабардино-Балкария;Нальчик;Ленина;проспект;20;_;"43,1";Рядом c центральным офисом "Сбербанка";Стрит;7125002;"0,375";"0,875";"0,375";"0,875";"0,375";"0,875";"0,375";"0,875";9:00:00;21:00:00;9:00:00;21:00:00;9:00:00;21:00:00;9:00:00;21:00:00;9:00:00;21:00:00;9:00:00;21:00:00;9:00:00;21:00:00;;43.481412;43.60379
777912;360003;2;Республика Кабардино-Балкария;Нальчик;Кирова;улица;1;Д;"11,1";;ТЦ;7D89000;"0,416666667";"0,916666667";"0,416666667";"0,916666667";"0,416666667";"0,916666667";"0,416666667";"0,916666667";10:00:00;22:00:00;10:00:00;22:00:00;10:00:00;22:00:00;10:00:00;22:00:00;10:00:00;22:00:00;10:00:00;22:00:00;10:00:00;22:00:00;;43.4764;43.573804
769514;360019;2;Республика Кабардино-Балкария;Нальчик;Мальбахова;улица; 26/36;_;"28,9";;Стрит;7D87000;"0,375";"0,75";"0,375";"0,75";"0,375";"0,75";"0,375";"0,75";9:00:00;18:00:00;9:00:00;18:00:00;9:00:00;18:00:00;9:00:00;18:00:00;9:00:00;18:00:00;9:00:00;18:00:00;9:00:00;18:00:00;;43.503253;43.612211
568637;344015;1;Ростовская область;Ростов-на-Дону;Еременко;улица;62;_;24;"Офис обслуживания и продаж находится на территории ТЦ ""Восход"", на первом этаже справа.";ТЦ;7250034;"0,375";"0,875";"0,375";"0,875";"0,375";"0,875";"0,375";"0,875";9:00:00;21:00:00;9:00:00;21:00:00;9:00:00;21:00:00;9:00:00;21:00:00;9:00:00;21:00:00;9:00:00;21:00:00;9:00:00;21:00:00;;47.231588;39.618653
682697;344103;1;Ростовская область;Ростов-на-Дону;Малиновского;улица;25;_;14;"ТЦ ,,Золотой Вавилон Офис обслуживания и продаж находится на территории ТЦ ""Восход"", на первом этаже справа.";ТЦ;7250048;"0,416666667";"0,916666667";"0,416666667";"0,916666667";"0,416666667";"0,916666667";"0,416666667";"0,916666667";10:00:00;22:00:00;10:00:00;22:00:00;10:00:00;22:00:00;10:00:00;22:00:00;10:00:00;22:00:00;10:00:00;22:00:00;10:00:00;22:00:00;;47.230469;39.610689
670302;344015;2;Ростовская область;Ростов-на-Дону;Рихарда Зорге;улица;33;_;"42,8";"Офис находится в ТЦ ""Талер"", слева от входа.";ТЦ;7250045;"0,416666667";"0,916666667";"0,416666667";"0,916666667";"0,416666667";"0,916666667";"0,416666667";"0,916666667";10:00:00;22:00:00;10:00:00;22:00:00;10:00:00;22:00:00;10:00:00;22:00:00;10:00:00;22:00:00;10:00:00;22:00:00;10:00:00;22:00:00;;47.229702;39.628651
763683;344016;2;Ростовская область;Ростов-на-Дону;Таганрогская;улица;151;_;"21,6";"3,6";ТЦ;7U90000;"0,333333333";"0,833333333";"0,333333333";"0,833333333";"0,333333333";"0,833333333";"0,333333333";"0,833333333";8:00:00;20:00:00;8:00:00;20:00:00;8:00:00;20:00:00;8:00:00;20:00:00;8:00:00;20:00:00;8:00:00;20:00:00;8:00:00;20:00:00;;47.262457;39.655149
768112;357500;1;Ставропольский край;Пятигорск;Кирова;проспект;65;_;"29,1";;Стрит;7V08000;"0,416666667";"0,833333333";"0,416666667";"0,833333333";"0,416666667";"0,833333333";"0,416666667";"0,833333333";10:00:00;20:00:00;10:00:00;20:00:00;10:00:00;20:00:00;10:00:00;20:00:00;10:00:00;20:00:00;10:00:00;20:00:00;10:00:00;20:00:00;;44.035506;43.064984
768114;357532;1;Ставропольский край;Пятигорск;295-й Стрелковой Дивизии;улица;б/н;_;31;;Стрит;7V11000;"0,375";"0,791666667";"0,375";"0,791666667";"0,375";"0,791666667";"0,375";"0,791666667";9:00:00;19:00:00;9:00:00;19:00:00;9:00:00;19:00:00;9:00:00;19:00:00;9:00:00;19:00:00;9:00:00;19:00:00;9:00:00;19:00:00;;44.061403;43.06484
449671;357502;2;Ставропольский край;Пятигорск;Гоголя;улица;1;_;110;Напротив магазина "Десткий Мир";Стрит;7476000;"0,333333333";"0,875";"0,333333333";"0,875";"0,333333333";"0,875";"0,333333333";"0,875";8:00:00;21:00:00;8:00:00;21:00:00;8:00:00;21:00:00;8:00:00;21:00:00;8:00:00;21:00:00;8:00:00;21:00:00;8:00:00;21:00:00;;44.037524;43.075395
776938;357500;2;Ставропольский край;Пятигорск;Дзержинского;улица;42;_;"47,6";;Стрит;7L62000;"0,375";"0,875";"0,375";"0,875";"0,375";"0,875";"0,375";"0,875";9:00:00;21:00:00;9:00:00;21:00:00;9:00:00;21:00:00;9:00:00;21:00:00;9:00:00;21:00:00;9:00:00;21:00:00;9:00:00;21:00:00;;44.036573;43.074659
560024;392036;1;Тамбовская область;Тамбов;Пролетарская/Октябрьская;улица;172\38;_;"31,4";ТЦ "Виконда";ТЦ;8001009;"0,375";"0,875";"0,375";"0,875";"0,375";"0,875";"0,375";"0,875";9:00:00;21:00:00;9:00:00;21:00:00;9:00:00;21:00:00;9:00:00;21:00:00;9:00:00;21:00:00;9:00:00;21:00:00;9:00:00;21:00:00;;52.723473;41.435334
755434;392008;1;Тамбовская область;Тамбов;Советская;улица;167;_;"45,8";;Стрит;WH51000;"0,375";"0,833333333";"0,375";"0,833333333";"0,375";"0,833333333";"0,375";"0,833333333";9:00:00;20:00:00;9:00:00;20:00:00;9:00:00;20:00:00;9:00:00;20:00:00;9:00:00;20:00:00;9:00:00;20:00:00;9:00:00;20:00:00;;52.741887;41.451267
769774;392000;2;Тамбовская область;Тамбов;Советская;улица;99;а;"62,1";;ТЦ;7G49000;"0,416666667";"0,916666667";"0,416666667";"0,916666667";"0,416666667";"0,916666667";"0,416666667";"0,916666667";10:00:00;22:00:00;10:00:00;22:00:00;10:00:00;22:00:00;10:00:00;22:00:00;10:00:00;22:00:00;10:00:00;22:00:00;10:00:00;22:00:00;;52.723967;41.456456
757413;392019;2;Тамбовская область;Тамбов;Чичерина;улица;27;_;"29,6";ТЦ "Браво Сити";ТЦ;WH50000;"0,416666667";"0,916666667";"0,416666667";"0,916666667";"0,416666667";"0,916666667";"0,416666667";"0,916666667";10:00:00;22:00:00;10:00:00;22:00:00;10:00:00;22:00:00;10:00:00;22:00:00;10:00:00;22:00:00;10:00:00;22:00:00;10:00:00;22:00:00;;52.766259;41.397737
562544;358005;1;Республика Калмыкия;Элиста;Ленина;улица;224;А;49;"Салон расположен напротив ТЦ ""Галерея"", остановка ""Университет""";Стрит;8875004;"0,375";"0,791666667";"0,375";"0,791666667";"0,375";"0,791666667";"0,375";"0,791666667";9:00:00;19:00:00;9:00:00;19:00:00;9:00:00;19:00:00;9:00:00;19:00:00;9:00:00;19:00:00;9:00:00;19:00:00;9:00:00;19:00:00;;46.308899;44.270979
768262;358000;1;Республика Калмыкия;Элиста;Максима Горького;улица;18;В;32;;Стрит;7U94000;"0,375";"0,791666667";"0,375";"0,791666667";"0,375";"0,791666667";"0,375";"0,791666667";9:00:00;19:00:00;9:00:00;19:00:00;9:00:00;19:00:00;9:00:00;19:00:00;9:00:00;19:00:00;9:00:00;19:00:00;9:00:00;19:00:00;;46.309268;44.263893
788198;358000;2;Республика Калмыкия;Элиста;Сусеева;улица;9;_;"34,5";;Стрит;WK76000;"0,375";"0,833333333";"0,375";"0,833333333";"0,375";"0,833333333";"0,375";"0,833333333";9:00:00;20:00:00;9:00:00;20:00:00;9:00:00;20:00:00;9:00:00;20:00:00;9:00:00;20:00:00;9:00:00;20:00:00;9:00:00;20:00:00;;46.305144;44.267571
1011691;358000;2;Республика Калмыкия;Элиста;Пушкина;улица;54;_;"14,8";;Стрит;VO01000;"0,375";"0,75";"0,375";"0,75";"0,375";"0,75";"0,375";"0,75";9:00:00;18:00:00;9:00:00;18:00:00;9:00:00;18:00:00;9:00:00;18:00:00;9:00:00;18:00:00;9:00:00;18:00:00;9:00:00;18:00:00;;46.316949;44.267064
759198;302030;1;Орловская область;Орёл;Московская;улица;67;_;"22,9";ТЦ "Европа";ТЦ;WH29000;"0,416666667";"0,875";"0,416666667";"0,875";"0,416666667";"0,875";"0,416666667";"0,875";10:00:00;21:00:00;10:00:00;21:00:00;10:00:00;21:00:00;;;;;;;;;;52.974328;36.08927
772446;302040;2;Орловская область;Орёл;Октябрьская;улица;60;_;"34,6";;Стрит;7W67000;"0,375";"0,833333333";"0,375";"0,833333333";"0,375";"0,833333333";"0,375";"0,833333333";9:00:00;20:00:00;9:00:00;20:00:00;9:00:00;20:00:00;;;;;;;;;;52.9804;36.069631
;;;;;;;;;;;;;;;;;;;;;;;;;;;;;;;;;;;;;
;;;;;;;;;;;;;;;;;;;;;;;;;;;;;;;;;;;;;
;;;;;;;;;;;;;;;;;;;;;;;;;;;;;;;;;;;;;
;;;;;;;;;;;;;;;;;;;;;;;;;;;;;;;;;;;;;
;;;;;;;;;;;;;;;;;;;;;;;;;;;;;;;;;;;;;
;;;;;;;;;;;;;;;;;;;;;;;;;;;;;;;;;;;;;
;;;;;;;;;;;;;;`;;;;;;;;;;;;;;;;;;;;;;;
